﻿<?xml version="1.0" encoding="utf-8"?>
<root>
  <Ad Id="1" Type="slide" Image1="/templates/master/default/UploadImage/advertimg/20130911162839_9256.jpg" Image2="/templates/master/default/UploadImage/advertimg/20130911163017_0502.jpg" Image3="/templates/master/default/UploadImage/advertimg/20130911163039_7395.jpg" Image4="" Image5="" Image6="" Image7="" Image8="" Image9="" Image10="" Url1="http://www.baidu.com" Url2="" Url3="" Url4="" Url5="" Url6="" Url7="" Url8="" Url9="" Url10="" AdImageSize="564*239" />
  <Ad Id="02" Type="image" Image="/templates/master/haidao/UploadImage/advertimg/20150701124616_4008.jpg" Url="" AdImageSize="285*127" />
  <Ad Id="3" Type="image" Image="/templates/master/jiafang1200/UploadImage/advertimg/20140211141526_7333.jpg" Url="" AdImageSize="341*64" />
  <Ad Id="4" Type="image" Image="/templates/master/zhubao/UploadImage/advertimg/20150630152553_9871.png" Url="" AdImageSize="189*38" />
  <Ad Id="5" Type="image" Image="/templates/master/zhubao/UploadImage/advertimg/20150701091927_7639.jpg" Url="" AdImageSize="975*352" />
  <Ad Id="6" Type="image" Image="/templates/master/zhubao/UploadImage/advertimg/20150630102137_5871.jpg" Url="" AdImageSize="215*145" />
  <Ad Id="7" Type="image" Image="/templates/master/zhubao/UploadImage/advertimg/20150630112714_5192.jpg" Url="" AdImageSize="209*93" />
  <Ad Id="8" Type="image" Image="/templates/master/zhubao/UploadImage/advertimg/20150629172507_3768.jpg" Url="" AdImageSize="339*646" />
  <Ad Id="9" Type="image" Image="/templates/master/zhubao/UploadImage/advertimg/20140224172822_6270.jpg" Url="" AdImageSize="1200*50" />
  <Ad Id="10" Type="image" Image="/templates/master/zhubao/UploadImage/advertimg/20140224174110_8659.jpg" Url="" AdImageSize="220*130" />
  <Ad Id="11" Type="custom" Html="&amp;lt;div id=&amp;quot;lunhuanJS&amp;quot;&amp;gt;&amp;lt;!--产品分类开始 --&amp;gt;&amp;lt;!--产品分类结束--&amp;gt;&amp;lt;!--轮播 tab标签 --&amp;gt;&amp;lt;div class=&amp;quot;lunhuan_content&amp;quot;&amp;gt;&amp;lt;!--舌签1开始 --&amp;gt;&amp;lt;div class=&amp;quot;tab_1&amp;quot;&amp;gt;&#xA;&amp;lt;div id=&amp;quot;pic&amp;quot; class=&amp;quot;tab_img&amp;quot;&amp;gt;&#xA;&amp;lt;a href=&amp;quot;#&amp;quot;&amp;gt;&amp;lt;div style=&amp;quot;text-align:center;background:url(/templates/master/haidao/UploadImage/AdvertImg/20150716111136_3724.jpg) no-repeat center bottom;height:485px;&amp;quot; title=&amp;quot;保健品&amp;quot; alt=&amp;quot;保健品&amp;quot;&amp;gt;&amp;lt;/div&amp;gt;&#xA;&amp;lt;/a&amp;gt; &amp;lt;a href=&amp;quot;#&amp;quot;&amp;gt;&amp;lt;div style=&amp;quot;text-align:center;background:url(/templates/master/haidao/UploadImage/AdvertImg/20150716111305_0282.jpg) no-repeat center bottom;height:485px;&amp;quot; title=&amp;quot;naifenbanner&amp;quot; alt=&amp;quot;naifenbanner&amp;quot;&amp;gt;&#xA;&amp;lt;/div&amp;gt;&#xA;&amp;lt;/a&amp;gt;&amp;lt;a href=&amp;quot;#&amp;quot;&amp;gt;&amp;lt;div style=&amp;quot;text-align:center;background:url(/templates/master/haidao/UploadImage/AdvertImg/20150716111313_6243.jpg) no-repeat center bottom;height:485px;&amp;quot; title=&amp;quot;cuxiaobanner&amp;quot; alt=&amp;quot;cuxiaobanner&amp;quot;&amp;gt;&#xA;&amp;lt;/div&amp;gt;&#xA;&amp;lt;/a&amp;gt;&amp;lt;a href=&amp;quot;#&amp;quot;&amp;gt;&amp;lt;div style=&amp;quot;text-align:center;background:url(/templates/master/haidao/UploadImage/AdvertImg/20150716111320_8073.jpg) no-repeat center bottom;height:485px;&amp;quot; title=&amp;quot;dabannner2&amp;quot; alt=&amp;quot;dabannner2&amp;quot;&amp;gt;&#xA;&amp;lt;/div&amp;gt;&#xA;&amp;lt;/a&amp;gt;&amp;lt;/div&amp;gt;&#xA;&amp;lt;div style=&amp;quot;clear:both;&amp;quot;&amp;gt;&amp;lt;/div&amp;gt;&#xA;&amp;lt;div class=&amp;quot;tab_menu&amp;quot;&amp;gt;&#xA;&amp;lt;ul id=&amp;quot;play&amp;quot;&amp;gt;&#xA;&amp;lt;li style=&amp;quot;text-align:center;cursor:pointer;&amp;quot; id=&amp;quot;li0&amp;quot; class=&amp;quot;lunhuanJSbg active&amp;quot; alt=&amp;quot;1&amp;quot;&amp;gt;&amp;lt;a&amp;gt;1&amp;lt;/a&amp;gt;&amp;lt;/li&amp;gt;&#xA;&amp;lt;li style=&amp;quot;text-align:center;cursor:pointer;&amp;quot; id=&amp;quot;li1&amp;quot; class=&amp;quot;lunhuanJSbg normal&amp;quot; alt=&amp;quot;2&amp;quot;&amp;gt;&amp;lt;a&amp;gt;2&amp;lt;/a&amp;gt;&amp;lt;/li&amp;gt;&#xA;&amp;lt;li style=&amp;quot;text-align:center;cursor:pointer;&amp;quot; id=&amp;quot;li2&amp;quot; class=&amp;quot;lunhuanJSbg normal&amp;quot; alt=&amp;quot;3&amp;quot;&amp;gt;&amp;lt;a&amp;gt;3&amp;lt;/a&amp;gt;&amp;lt;/li&amp;gt;&#xA;&amp;lt;li style=&amp;quot;text-align:center;cursor:pointer;&amp;quot; id=&amp;quot;li3&amp;quot; class=&amp;quot;lunhuanJSbg normal&amp;quot; alt=&amp;quot;4&amp;quot;&amp;gt;&amp;lt;a&amp;gt;4&amp;lt;/a&amp;gt;&amp;lt;/li&amp;gt;&#xA;&amp;lt;/ul&amp;gt;&#xA;&amp;lt;/div&amp;gt;&#xA;&amp;lt;/div&amp;gt;&#xA;&amp;lt;div style=&amp;quot;clear:both;&amp;quot;&amp;gt;&amp;lt;/div&amp;gt;&#xA;&amp;lt;/div&amp;gt;&#xA;&amp;lt;!--右侧 --&amp;gt;&amp;lt;/div&amp;gt;" />
  <Ad Id="12" Type="image" Image="/templates/master/default/UploadImage/advertimg/index_282.jpg" Url="" AdImageSize="229*143" />
  <Ad Id="13" Type="image" Image="/templates/master/haidao/UploadImage/advertimg/20150714144839_6652.jpg" Url="" AdImageSize="628*430" />
  <Ad Id="14" Type="image" Image="/templates/master/zhubao/UploadImage/advertimg/20150629180745_5472.jpg" Url="" AdImageSize="339*646" />
  <Ad Id="15" Type="image" Image="/templates/master/default/UploadImage/advertimg/2.jpg" Url="" AdImageSize="210*90" />
  <Ad Id="16" Type="image" Image="/templates/master/default/UploadImage/advertimg/2.jpg" Url="" AdImageSize="210*90" />
  <Ad Id="17" Type="custom" Html="&amp;lt;!-- JiaThis Button BEGIN --&amp;gt; &amp;lt;div class=&amp;quot;jiathis_style&amp;quot;&amp;gt;&amp;lt;span class=&amp;quot;jiathis_txt&amp;quot;&amp;gt;加关注：&amp;lt;/span&amp;gt; &amp;lt;a class=&amp;quot;jiathis_button_tsina&amp;quot;&amp;gt;&amp;lt;/a&amp;gt;&amp;lt;a class=&amp;quot;jiathis jiathis_txt jtico jtico_jiathis&amp;quot; href=&amp;quot;http://www.jiathis.com/share&amp;quot; target=&amp;quot;_blank&amp;quot;&amp;gt;分享&amp;lt;/a&amp;gt; &amp;lt;/div&amp;gt;&#xA;&amp;lt;script type=&amp;quot;text/javascript&amp;quot; charset=&amp;quot;utf-8&amp;quot; src=&amp;quot;http://v3.jiathis.com/code/jia.js?uid=1351212253025417&amp;quot;&amp;gt;&amp;lt;/script&amp;gt;&#xA;&amp;lt;!-- JiaThis Button END --&amp;gt;" />
  <Ad Id="18" Type="custom" Html="&amp;lt;img src=&amp;quot;/templates/master/zhubao/UploadImage/AdvertImg/20150629113358_0668.jpg&amp;quot; title=&amp;quot;母婴海报&amp;quot; alt=&amp;quot;母婴海报&amp;quot; border=&amp;quot;0&amp;quot; /&amp;gt;" />
  <Ad Id="19" Type="custom" Html="&amp;lt;img src=&amp;quot;/templates/master/zhubao/UploadImage/AdvertImg/20150629152830_5617.jpg&amp;quot; title=&amp;quot;广告&amp;quot; alt=&amp;quot;广告&amp;quot; border=&amp;quot;0&amp;quot; /&amp;gt;&amp;lt;br /&amp;gt;" />
  <Ad Id="20" Type="image" Image="/templates/master/jiafang1200/UploadImage/advertimg/20140212113438_2465.jpg" Url="" AdImageSize="938*333" />
  <Ad Id="21" Type="image" Image="/templates/master/zhubao/UploadImage/advertimg/20150703165933_5565.jpg" Url="" AdImageSize="259*333" />
  <Ad Id="22" Type="image" Image="/templates/master/jiafang1200/UploadImage/advertimg/20140212113438_2465.jpg" Url="" AdImageSize="938*333" />
  <Ad Id="23" Type="image" Image="/templates/master/jiafang1200/UploadImage/advertimg/20140212113448_1251.jpg" Url="" AdImageSize="259*333" />
  <Ad Id="24" Type="image" Image="/templates/master/jiafang1200/UploadImage/advertimg/20140212113438_2465.jpg" Url="" AdImageSize="938*333" />
  <Ad Id="25" Type="image" Image="/templates/master/jiafang1200/UploadImage/advertimg/20140212113448_1251.jpg" Url="" AdImageSize="259*333" />
  <Ad Id="26" Type="image" Image="/templates/master/jiafang1200/UploadImage/advertimg/20140212113438_2465.jpg" Url="" AdImageSize="938*333" />
  <Ad Id="27" Type="image" Image="/templates/master/jiafang1200/UploadImage/advertimg/20140212113448_1251.jpg" Url="" AdImageSize="259*333" />
  <Ad Id="28" Type="custom" Html="&amp;lt;a href=&amp;quot;javascript:favPage();&amp;quot;&amp;gt;收藏商城&amp;lt;/a&amp;gt;" />
  <Ad Id="29" Type="image" Image="/templates/master/haidao/UploadImage/advertimg/20150701124616_4008.jpg" Url="" AdImageSize="1200*180" />
  <Ad Id="30" Type="custom" Html="&amp;lt;img src=&amp;quot;/templates/master/zhubao/UploadImage/AdvertImg/20150629145736_6543.jpg&amp;quot; title=&amp;quot;主图&amp;quot; alt=&amp;quot;主图&amp;quot; border=&amp;quot;0&amp;quot; /&amp;gt;&amp;lt;img src=&amp;quot;/templates/master/zhubao/UploadImage/AdvertImg/20150629150040_5319.jpg&amp;quot; title=&amp;quot;sad&amp;quot; alt=&amp;quot;sad&amp;quot; border=&amp;quot;0&amp;quot; /&amp;gt;" />
  <Ad Id="31" Type="custom" Html="" />
  <Ad Id="32" Type="custom" Html="111" />
  <Ad Id="33" Type="custom" Html="111" />
  <Ad Id="34" Type="custom" Html="111" />
  <Ad Id="35" Type="image" Image="/templates/master/zhubao/UploadImage/advertimg/20150703160117_2817.jpg" Url="" AdImageSize="339*646" />
  <Ad Id="36" Type="image" Image="/templates/master/zhubao/UploadImage/advertimg/20150703162155_6897.jpg" Url="" AdImageSize="339*646" />
  <Ad Id="37" Type="image" Image="/templates/master/zhubao/UploadImage/advertimg/20150703163702_7487.jpg" Url="" AdImageSize="339*646" />
  <Ad Id="38" Type="image" Image="/templates/master/zhubao/UploadImage/advertimg/20150703165958_8129.jpg" Url="" AdImageSize="339*646" />
  <Ad Type="image" Id="newads_001" Url="" Image="" DivCss="guild adv_image cssEdite" ImgStyle="" ImageAttr="class='lazyload' " />
  <Ad Type="image" Id="newads_201" Image="/templates/master/haidao/UploadImage/advertimg/20150824175028_9712.jpg" Url="/product_detail-1602.aspx" DivCss="" ImgStyle="" ImageAttr="" />
  <Ad Type="logo" Id="" Url="" Image="" DivCss="" ImgStyle="" ImageAttr="" />
  <Ad Type="image" Id="newads_210" Image="/templates/master/haidao/UploadImage/advertimg/20150819174841_3568.jpg" Url="/product_detail-2439.aspx" DivCss="" ImgStyle="" ImageAttr="" />
  <Ad Type="image" Id="newads_206" Image="/templates/master/haidao/UploadImage/advertimg/20150819174841_3568.jpg" Url="/product_detail-1565.aspx" DivCss="" ImgStyle="" ImageAttr="" />
  <Ad Type="image" Id="newads_202" Image="/templates/master/haidao/UploadImage/advertimg/20150824175239_1534.jpg" Url="/browse/category-8000072.aspx" DivCss="" ImgStyle="" ImageAttr="" />
  <Ad Type="image" Id="newads_306" Image="/templates/master/haidao/UploadImage/advertimg/20150819143605_4025.jpg" Url="/product_detail-2032.aspx" DivCss="" ImgStyle="" ImageAttr="" />
</root>